date-time,spread,high,open,close,low,volume,cp-stddev,rsi,MovingAvg5,MovingAvg14,MovingAvg30,MovingAvg60,MovingAvg120,MovingAvg240,MovingAvg500,ORDER
2025.06.03 20:36,2.00000000,143.88400000,143.87400000,143.88300000,143.87200000,102.00000000,0.03872234,34.72734529,143.89290238,143.92095214,143.94524059,143.92927179,143.81401138,143.58666903,143.32988366,SELL
2025.06.03 20:36,1.00000000,143.88400000,143.87400000,143.88300000,143.87200000,102.00000000,0.03872234,34.72734529,143.89290238,143.92095214,143.94524059,143.92927179,143.81401138,143.58666903,143.32988366,SELL
2025.06.03 20:36,5.00000000,143.88400000,143.87400000,143.88300000,143.87200000,102.00000000,0.03872234,34.72734529,143.89290238,143.92095214,143.94524059,143.92927179,143.81401138,143.58666903,143.32988366,SELL
2025.06.03 20:36,1.00000000,143.88400000,143.87400000,143.88300000,143.87200000,102.00000000,0.03872234,34.72734529,143.89290238,143.92095214,143.94524059,143.92927179,143.81401138,143.58666903,143.32988366,SELL
2025.06.03 20:36,2.00000000,143.88400000,143.87400000,143.88300000,143.87200000,102.00000000,0.03872234,34.72734529,143.89290238,143.92095214,143.94524059,143.92927179,143.81401138,143.58666903,143.32988366,SELL
2025.06.03 20:36,1.00000000,143.88400000,143.87400000,143.88300000,143.87200000,102.00000000,0.03872234,34.72734529,143.89290238,143.92095214,143.94524059,143.92927179,143.81401138,143.58666903,143.32988366,SELL
2025.06.03 20:36,5.00000000,143.88400000,143.87400000,143.88300000,143.87200000,102.00000000,0.03872234,34.72734529,143.89290238,143.92095214,143.94524059,143.92927179,143.81401138,143.58666903,143.32988366,SELL
2025.06.03 20:36,1.00000000,143.88400000,143.87400000,143.88300000,143.87200000,102.00000000,0.03872234,34.72734529,143.89290238,143.92095214,143.94524059,143.92927179,143.81401138,143.58666903,143.32988366,SELL
2025.06.03 20:36,0.00000000,143.88400000,143.87400000,143.88300000,143.87200000,102.00000000,0.03872234,34.72734529,143.89290238,143.92095214,143.94524059,143.92927179,143.81401138,143.58666903,143.32988366,SELL
2025.06.03 20:36,1.00000000,143.88400000,143.87400000,143.88300000,143.87200000,102.00000000,0.03872234,34.72734529,143.89290238,143.92095214,143.94524059,143.92927179,143.81401138,143.58666903,143.32988366,SELL
2025.06.03 20:36,0.00000000,143.88400000,143.87400000,143.88300000,143.87200000,102.00000000,0.03872234,34.72734529,143.89290238,143.92095214,143.94524059,143.92927179,143.81401138,143.58666903,143.32988366,SELL
2025.06.03 20:36,2.00000000,143.88400000,143.87400000,143.88300000,143.87200000,102.00000000,0.03872234,34.72734529,143.89290238,143.92095214,143.94524059,143.92927179,143.81401138,143.58666903,143.32988366,SELL
2025.06.03 20:36,3.00000000,143.88400000,143.87400000,143.88300000,143.87200000,102.00000000,0.03872234,34.72734529,143.89290238,143.92095214,143.94524059,143.92927179,143.81401138,143.58666903,143.32988366,SELL
2025.06.03 20:36,3.00000000,143.88400000,143.87400000,143.88300000,143.87200000,102.00000000,0.03872234,34.72734529,143.89290238,143.92095214,143.94524059,143.92927179,143.81401138,143.58666903,143.32988366,SELL
2025.06.03 20:36,3.00000000,143.88400000,143.87400000,143.88300000,143.87200000,102.00000000,0.03872234,34.72734529,143.89290238,143.92095214,143.94524059,143.92927179,143.81401138,143.58666903,143.32988366,SELL
2025.06.03 20:37,5.00000000,143.89800000,143.88000000,143.88500000,143.87600000,110.00000000,0.03474276,36.62338351,143.89132190,143.91838413,143.94323258,143.92853393,143.81460295,143.58791207,143.33099389,SELL
2025.06.03 20:37,3.00000000,143.89800000,143.88000000,143.88500000,143.87600000,110.00000000,0.03474276,36.62338351,143.89132190,143.91838413,143.94323258,143.92853393,143.81460295,143.58791207,143.33099389,SELL
2025.06.03 20:37,3.00000000,143.89800000,143.88000000,143.88500000,143.87600000,110.00000000,0.03474276,36.62338351,143.89132190,143.91838413,143.94323258,143.92853393,143.81460295,143.58791207,143.33099389,SELL
2025.06.03 20:37,3.00000000,143.89800000,143.88000000,143.88500000,143.87600000,110.00000000,0.03474276,36.62338351,143.89132190,143.91838413,143.94323258,143.92853393,143.81460295,143.58791207,143.33099389,SELL
2025.06.03 20:37,2.00000000,143.89800000,143.88000000,143.88500000,143.87600000,110.00000000,0.03474276,36.62338351,143.89132190,143.91838413,143.94323258,143.92853393,143.81460295,143.58791207,143.33099389,SELL
2025.06.03 20:37,5.00000000,143.89800000,143.88000000,143.88500000,143.87600000,110.00000000,0.03474276,36.62338351,143.89132190,143.91838413,143.94323258,143.92853393,143.81460295,143.58791207,143.33099389,SELL
2025.06.03 20:37,2.00000000,143.89800000,143.88000000,143.88500000,143.87600000,110.00000000,0.03474276,36.62338351,143.89132190,143.91838413,143.94323258,143.92853393,143.81460295,143.58791207,143.33099389,SELL
2025.06.03 20:37,3.00000000,143.89800000,143.88000000,143.88500000,143.87600000,110.00000000,0.03474276,36.62338351,143.89132190,143.91838413,143.94323258,143.92853393,143.81460295,143.58791207,143.33099389,SELL
2025.06.03 20:37,5.00000000,143.89800000,143.88000000,143.88500000,143.87600000,110.00000000,0.03474276,36.62338351,143.89132190,143.91838413,143.94323258,143.92853393,143.81460295,143.58791207,143.33099389,SELL
2025.06.03 20:37,3.00000000,143.89800000,143.88000000,143.88500000,143.87600000,110.00000000,0.03474276,36.62338351,143.89132190,143.91838413,143.94323258,143.92853393,143.81460295,143.58791207,143.33099389,SELL
2025.06.03 20:37,0.00000000,143.89800000,143.88000000,143.88500000,143.87600000,110.00000000,0.03474276,36.62338351,143.89132190,143.91838413,143.94323258,143.92853393,143.81460295,143.58791207,143.33099389,SELL
2025.06.03 20:37,1.00000000,143.89800000,143.88000000,143.88500000,143.87600000,110.00000000,0.03474276,36.62338351,143.89132190,143.91838413,143.94323258,143.92853393,143.81460295,143.58791207,143.33099389,SELL
2025.06.03 20:37,5.00000000,143.89800000,143.88000000,143.88500000,143.87600000,110.00000000,0.03474276,36.62338351,143.89132190,143.91838413,143.94323258,143.92853393,143.81460295,143.58791207,143.33099389,SELL
2025.06.03 20:37,5.00000000,143.89800000,143.88000000,143.88500000,143.87600000,110.00000000,0.03474276,36.62338351,143.89132190,143.91838413,143.94323258,143.92853393,143.81460295,143.58791207,143.33099389,SELL
2025.06.03 20:37,2.00000000,143.89800000,143.88000000,143.88500000,143.87600000,110.00000000,0.03474276,36.62338351,143.89132190,143.91838413,143.94323258,143.92853393,143.81460295,143.58791207,143.33099389,SELL
2025.06.03 20:37,5.00000000,143.89800000,143.88000000,143.88500000,143.87600000,110.00000000,0.03474276,36.62338351,143.89132190,143.91838413,143.94323258,143.92853393,143.81460295,143.58791207,143.33099389,SELL
2025.06.03 20:37,1.00000000,143.89800000,143.88000000,143.88500000,143.87600000,110.00000000,0.03474276,36.62338351,143.89132190,143.91838413,143.94323258,143.92853393,143.81460295,143.58791207,143.33099389,SELL
2025.06.03 20:37,2.00000000,143.89800000,143.88000000,143.88500000,143.87600000,110.00000000,0.03474276,36.62338351,143.89132190,143.91838413,143.94323258,143.92853393,143.81460295,143.58791207,143.33099389,SELL
2025.06.03 20:37,5.00000000,143.89800000,143.88000000,143.88500000,143.87600000,110.00000000,0.03474276,36.62338351,143.89132190,143.91838413,143.94323258,143.92853393,143.81460295,143.58791207,143.33099389,SELL
2025.06.03 20:37,0.00000000,143.89800000,143.88000000,143.88500000,143.87600000,110.00000000,0.03474276,36.62338351,143.89132190,143.91838413,143.94323258,143.92853393,143.81460295,143.58791207,143.33099389,SELL
2025.06.03 20:37,5.00000000,143.89800000,143.88000000,143.88500000,143.87600000,110.00000000,0.03474276,36.62338351,143.89132190,143.91838413,143.94323258,143.92853393,143.81460295,143.58791207,143.33099389,SELL
2025.06.03 20:37,0.00000000,143.89800000,143.88000000,143.88500000,143.87600000,110.00000000,0.03474276,36.62338351,143.89132190,143.91838413,143.94323258,143.92853393,143.81460295,143.58791207,143.33099389,SELL
2025.06.03 20:37,0.00000000,143.89800000,143.88000000,143.88500000,143.87600000,110.00000000,0.03474276,36.62338351,143.89132190,143.91838413,143.94323258,143.92853393,143.81460295,143.58791207,143.33099389,SELL
2025.06.03 20:37,0.00000000,143.89800000,143.88000000,143.88500000,143.87600000,110.00000000,0.03474276,36.62338351,143.89132190,143.91838413,143.94323258,143.92853393,143.81460295,143.58791207,143.33099389,SELL
2025.06.03 20:37,5.00000000,143.89800000,143.88000000,143.88500000,143.87600000,110.00000000,0.03474276,36.62338351,143.89132190,143.91838413,143.94323258,143.92853393,143.81460295,143.58791207,143.33099389,SELL
2025.06.03 20:37,0.00000000,143.89800000,143.88000000,143.88500000,143.87600000,110.00000000,0.03474276,36.62338351,143.89132190,143.91838413,143.94323258,143.92853393,143.81460295,143.58791207,143.33099389,SELL
2025.06.03 20:37,0.00000000,143.89800000,143.88000000,143.88500000,143.87600000,110.00000000,0.03474276,36.62338351,143.89132190,143.91838413,143.94323258,143.92853393,143.81460295,143.58791207,143.33099389,SELL
2025.06.03 20:37,3.00000000,143.89800000,143.88000000,143.88500000,143.87600000,110.00000000,0.03474276,36.62338351,143.89132190,143.91838413,143.94323258,143.92853393,143.81460295,143.58791207,143.33099389,SELL
2025.06.03 20:37,3.00000000,143.89800000,143.88000000,143.88500000,143.87600000,110.00000000,0.03474276,36.62338351,143.89132190,143.91838413,143.94323258,143.92853393,143.81460295,143.58791207,143.33099389,SELL
2025.06.03 20:37,0.00000000,143.89800000,143.88000000,143.88500000,143.87600000,110.00000000,0.03474276,36.62338351,143.89132190,143.91838413,143.94323258,143.92853393,143.81460295,143.58791207,143.33099389,SELL
2025.06.03 20:37,1.00000000,143.89800000,143.88000000,143.88500000,143.87600000,110.00000000,0.03474276,36.62338351,143.89132190,143.91838413,143.94323258,143.92853393,143.81460295,143.58791207,143.33099389,SELL
2025.06.03 20:37,3.00000000,143.89800000,143.88000000,143.88500000,143.87600000,110.00000000,0.03474276,36.62338351,143.89132190,143.91838413,143.94323258,143.92853393,143.81460295,143.58791207,143.33099389,SELL
2025.06.03 20:37,0.00000000,143.89800000,143.88000000,143.88500000,143.87600000,110.00000000,0.03474276,36.62338351,143.89132190,143.91838413,143.94323258,143.92853393,143.81460295,143.58791207,143.33099389,SELL
2025.06.03 20:37,1.00000000,143.89800000,143.88000000,143.88500000,143.87600000,110.00000000,0.03474276,36.62338351,143.89132190,143.91838413,143.94323258,143.92853393,143.81460295,143.58791207,143.33099389,SELL
2025.06.03 20:37,2.00000000,143.89800000,143.88000000,143.88500000,143.87600000,110.00000000,0.03474276,36.62338351,143.89132190,143.91838413,143.94323258,143.92853393,143.81460295,143.58791207,143.33099389,SELL
2025.06.03 20:37,6.00000000,143.89800000,143.88000000,143.88500000,143.87600000,110.00000000,0.03474276,36.62338351,143.89132190,143.91838413,143.94323258,143.92853393,143.81460295,143.58791207,143.33099389,SELL
2025.06.03 20:37,2.00000000,143.89800000,143.88000000,143.88500000,143.87600000,110.00000000,0.03474276,36.62338351,143.89132190,143.91838413,143.94323258,143.92853393,143.81460295,143.58791207,143.33099389,SELL
2025.06.03 20:37,6.00000000,143.89800000,143.88000000,143.88500000,143.87600000,110.00000000,0.03474276,36.62338351,143.89132190,143.91838413,143.94323258,143.92853393,143.81460295,143.58791207,143.33099389,SELL
2025.06.03 20:37,5.00000000,143.89800000,143.88000000,143.88500000,143.87600000,110.00000000,0.03474276,36.62338351,143.89132190,143.91838413,143.94323258,143.92853393,143.81460295,143.58791207,143.33099389,SELL
2025.06.03 20:37,3.00000000,143.89800000,143.88000000,143.88500000,143.87600000,110.00000000,0.03474276,36.62338351,143.89132190,143.91838413,143.94323258,143.92853393,143.81460295,143.58791207,143.33099389,SELL
2025.06.03 20:37,2.00000000,143.89800000,143.88000000,143.88500000,143.87600000,110.00000000,0.03474276,36.62338351,143.89132190,143.91838413,143.94323258,143.92853393,143.81460295,143.58791207,143.33099389,SELL
2025.06.03 20:37,2.00000000,143.89800000,143.88000000,143.88500000,143.87600000,110.00000000,0.03474276,36.62338351,143.89132190,143.91838413,143.94323258,143.92853393,143.81460295,143.58791207,143.33099389,SELL
2025.06.03 20:37,3.00000000,143.89800000,143.88000000,143.88500000,143.87600000,110.00000000,0.03474276,36.62338351,143.89132190,143.91838413,143.94323258,143.92853393,143.81460295,143.58791207,143.33099389,SELL
2025.06.03 20:37,6.00000000,143.89800000,143.88000000,143.88500000,143.87600000,110.00000000,0.03474276,36.62338351,143.89132190,143.91838413,143.94323258,143.92853393,143.81460295,143.58791207,143.33099389,SELL
2025.06.03 20:37,7.00000000,143.89800000,143.88000000,143.88500000,143.87600000,110.00000000,0.03474276,36.62338351,143.89132190,143.91838413,143.94323258,143.92853393,143.81460295,143.58791207,143.33099389,SELL
2025.06.03 20:37,2.00000000,143.89800000,143.88000000,143.88500000,143.87600000,110.00000000,0.03474276,36.62338351,143.89132190,143.91838413,143.94323258,143.92853393,143.81460295,143.58791207,143.33099389,SELL
2025.06.03 20:37,2.00000000,143.89800000,143.88000000,143.88500000,143.87600000,110.00000000,0.03474276,36.62338351,143.89132190,143.91838413,143.94323258,143.92853393,143.81460295,143.58791207,143.33099389,SELL
2025.06.03 20:37,0.00000000,143.89800000,143.88000000,143.88500000,143.87600000,110.00000000,0.03474276,36.62338351,143.89132190,143.91838413,143.94323258,143.92853393,143.81460295,143.58791207,143.33099389,SELL
2025.06.03 20:37,2.00000000,143.89800000,143.88000000,143.88500000,143.87600000,110.00000000,0.03474276,36.62338351,143.89132190,143.91838413,143.94323258,143.92853393,143.81460295,143.58791207,143.33099389,SELL
2025.06.03 20:37,0.00000000,143.89800000,143.88000000,143.88500000,143.87600000,110.00000000,0.03474276,36.62338351,143.89132190,143.91838413,143.94323258,143.92853393,143.81460295,143.58791207,143.33099389,SELL
2025.06.03 20:37,0.00000000,143.89800000,143.88000000,143.88500000,143.87600000,110.00000000,0.03474276,36.62338351,143.89132190,143.91838413,143.94323258,143.92853393,143.81460295,143.58791207,143.33099389,SELL
2025.06.03 20:37,2.00000000,143.89800000,143.88000000,143.88500000,143.87600000,110.00000000,0.03474276,36.62338351,143.89132190,143.91838413,143.94323258,143.92853393,143.81460295,143.58791207,143.33099389,SELL
2025.06.03 20:37,0.00000000,143.89800000,143.88000000,143.88500000,143.87600000,110.00000000,0.03474276,36.62338351,143.89132190,143.91838413,143.94323258,143.92853393,143.81460295,143.58791207,143.33099389,SELL
2025.06.03 20:37,0.00000000,143.89800000,143.88000000,143.88500000,143.87600000,110.00000000,0.03474276,36.62338351,143.89132190,143.91838413,143.94323258,143.92853393,143.81460295,143.58791207,143.33099389,SELL
2025.06.03 20:37,0.00000000,143.89800000,143.88000000,143.88500000,143.87600000,110.00000000,0.03474276,36.62338351,143.89132190,143.91838413,143.94323258,143.92853393,143.81460295,143.58791207,143.33099389,SELL
2025.06.03 20:38,2.00000000,143.88700000,143.88500000,143.86900000,143.86300000,89.00000000,0.02661817,33.98488833,143.88685752,143.91485669,143.94075816,143.92754169,143.81505626,143.58908327,143.33206990,SELL
2025.06.03 20:38,0.00000000,143.88700000,143.88500000,143.86900000,143.86300000,89.00000000,0.02661817,33.98488833,143.88685752,143.91485669,143.94075816,143.92754169,143.81505626,143.58908327,143.33206990,SELL
2025.06.03 20:38,1.00000000,143.88700000,143.88500000,143.86900000,143.86300000,89.00000000,0.02661817,33.98488833,143.88685752,143.91485669,143.94075816,143.92754169,143.81505626,143.58908327,143.33206990,SELL
2025.06.03 20:38,2.00000000,143.88700000,143.88500000,143.86900000,143.86300000,89.00000000,0.02661817,33.98488833,143.88685752,143.91485669,143.94075816,143.92754169,143.81505626,143.58908327,143.33206990,SELL
2025.06.03 20:38,0.00000000,143.88700000,143.88500000,143.86900000,143.86300000,89.00000000,0.02661817,33.98488833,143.88685752,143.91485669,143.94075816,143.92754169,143.81505626,143.58908327,143.33206990,SELL
2025.06.03 20:38,2.00000000,143.88700000,143.88500000,143.86900000,143.86300000,89.00000000,0.02661817,33.98488833,143.88685752,143.91485669,143.94075816,143.92754169,143.81505626,143.58908327,143.33206990,SELL
2025.06.03 20:38,1.00000000,143.88700000,143.88500000,143.86900000,143.86300000,89.00000000,0.02661817,33.98488833,143.88685752,143.91485669,143.94075816,143.92754169,143.81505626,143.58908327,143.33206990,SELL
2025.06.03 20:38,0.00000000,143.88700000,143.88500000,143.86900000,143.86300000,89.00000000,0.02661817,33.98488833,143.88685752,143.91485669,143.94075816,143.92754169,143.81505626,143.58908327,143.33206990,SELL
2025.06.03 20:38,0.00000000,143.88700000,143.88500000,143.86900000,143.86300000,89.00000000,0.02661817,33.98488833,143.88685752,143.91485669,143.94075816,143.92754169,143.81505626,143.58908327,143.33206990,SELL
2025.06.03 20:38,2.00000000,143.88700000,143.88500000,143.86900000,143.86300000,89.00000000,0.02661817,33.98488833,143.88685752,143.91485669,143.94075816,143.92754169,143.81505626,143.58908327,143.33206990,SELL
2025.06.03 20:38,1.00000000,143.88700000,143.88500000,143.86900000,143.86300000,89.00000000,0.02661817,33.98488833,143.88685752,143.91485669,143.94075816,143.92754169,143.81505626,143.58908327,143.33206990,SELL
2025.06.03 20:38,1.00000000,143.88700000,143.88500000,143.86900000,143.86300000,89.00000000,0.02661817,33.98488833,143.88685752,143.91485669,143.94075816,143.92754169,143.81505626,143.58908327,143.33206990,SELL
2025.06.03 20:38,0.00000000,143.88700000,143.88500000,143.86900000,143.86300000,89.00000000,0.02661817,33.98488833,143.88685752,143.91485669,143.94075816,143.92754169,143.81505626,143.58908327,143.33206990,SELL
2025.06.03 20:38,0.00000000,143.88700000,143.88500000,143.86900000,143.86300000,89.00000000,0.02661817,33.98488833,143.88685752,143.91485669,143.94075816,143.92754169,143.81505626,143.58908327,143.33206990,SELL
2025.06.03 20:38,0.00000000,143.88700000,143.88500000,143.86900000,143.86300000,89.00000000,0.02661817,33.98488833,143.88685752,143.91485669,143.94075816,143.92754169,143.81505626,143.58908327,143.33206990,SELL
2025.06.03 20:38,5.00000000,143.88700000,143.88500000,143.86900000,143.86300000,89.00000000,0.02661817,33.98488833,143.88685752,143.91485669,143.94075816,143.92754169,143.81505626,143.58908327,143.33206990,SELL
2025.06.03 20:38,1.00000000,143.88700000,143.88500000,143.86900000,143.86300000,89.00000000,0.02661817,33.98488833,143.88685752,143.91485669,143.94075816,143.92754169,143.81505626,143.58908327,143.33206990,SELL
2025.06.03 20:38,3.00000000,143.88700000,143.88500000,143.86900000,143.86300000,89.00000000,0.02661817,33.98488833,143.88685752,143.91485669,143.94075816,143.92754169,143.81505626,143.58908327,143.33206990,SELL
2025.06.03 20:38,1.00000000,143.88700000,143.88500000,143.86900000,143.86300000,89.00000000,0.02661817,33.98488833,143.88685752,143.91485669,143.94075816,143.92754169,143.81505626,143.58908327,143.33206990,SELL
2025.06.03 20:38,3.00000000,143.88700000,143.88500000,143.86900000,143.86300000,89.00000000,0.02661817,33.98488833,143.88685752,143.91485669,143.94075816,143.92754169,143.81505626,143.58908327,143.33206990,SELL
2025.06.03 20:38,0.00000000,143.88700000,143.88500000,143.86900000,143.86300000,89.00000000,0.02661817,33.98488833,143.88685752,143.91485669,143.94075816,143.92754169,143.81505626,143.58908327,143.33206990,SELL
2025.06.03 20:38,3.00000000,143.88700000,143.88500000,143.86900000,143.86300000,89.00000000,0.02661817,33.98488833,143.88685752,143.91485669,143.94075816,143.92754169,143.81505626,143.58908327,143.33206990,SELL
2025.06.03 20:38,0.00000000,143.88700000,143.88500000,143.86900000,143.86300000,89.00000000,0.02661817,33.98488833,143.88685752,143.91485669,143.94075816,143.92754169,143.81505626,143.58908327,143.33206990,SELL
2025.06.03 20:38,0.00000000,143.88700000,143.88500000,143.86900000,143.86300000,89.00000000,0.02661817,33.98488833,143.88685752,143.91485669,143.94075816,143.92754169,143.81505626,143.58908327,143.33206990,SELL
2025.06.03 20:38,0.00000000,143.88700000,143.88500000,143.86900000,143.86300000,89.00000000,0.02661817,33.98488833,143.88685752,143.91485669,143.94075816,143.92754169,143.81505626,143.58908327,143.33206990,SELL
2025.06.03 20:38,0.00000000,143.88700000,143.88500000,143.86900000,143.86300000,89.00000000,0.02661817,33.98488833,143.88685752,143.91485669,143.94075816,143.92754169,143.81505626,143.58908327,143.33206990,SELL
2025.06.03 20:38,2.00000000,143.88700000,143.88500000,143.86900000,143.86300000,89.00000000,0.02661817,33.98488833,143.88685752,143.91485669,143.94075816,143.92754169,143.81505626,143.58908327,143.33206990,SELL
2025.06.03 20:38,0.00000000,143.88700000,143.88500000,143.86900000,143.86300000,89.00000000,0.02661817,33.98488833,143.88685752,143.91485669,143.94075816,143.92754169,143.81505626,143.58908327,143.33206990,SELL
2025.06.03 20:38,0.00000000,143.88700000,143.88500000,143.86900000,143.86300000,89.00000000,0.02661817,33.98488833,143.88685752,143.91485669,143.94075816,143.92754169,143.81505626,143.58908327,143.33206990,SELL
2025.06.03 20:38,0.00000000,143.88700000,143.88500000,143.86900000,143.86300000,89.00000000,0.02661817,33.98488833,143.88685752,143.91485669,143.94075816,143.92754169,143.81505626,143.58908327,143.33206990,SELL
2025.06.03 20:38,2.00000000,143.88700000,143.88500000,143.86900000,143.86300000,89.00000000,0.02661817,33.98488833,143.88685752,143.91485669,143.94075816,143.92754169,143.81505626,143.58908327,143.33206990,SELL
2025.06.03 20:38,2.00000000,143.88700000,143.88500000,143.86900000,143.86300000,89.00000000,0.02661817,33.98488833,143.88685752,143.91485669,143.94075816,143.92754169,143.81505626,143.58908327,143.33206990,SELL
2025.06.03 20:38,0.00000000,143.88700000,143.88500000,143.86900000,143.86300000,89.00000000,0.02661817,33.98488833,143.88685752,143.91485669,143.94075816,143.92754169,143.81505626,143.58908327,143.33206990,SELL
2025.06.03 20:38,0.00000000,143.88700000,143.88500000,143.86900000,143.86300000,89.00000000,0.02661817,33.98488833,143.88685752,143.91485669,143.94075816,143.92754169,143.81505626,143.58908327,143.33206990,SELL
2025.06.03 20:38,3.00000000,143.88700000,143.88500000,143.86900000,143.86300000,89.00000000,0.02661817,33.98488833,143.88685752,143.91485669,143.94075816,143.92754169,143.81505626,143.58908327,143.33206990,SELL
2025.06.03 20:38,3.00000000,143.88700000,143.88500000,143.86900000,143.86300000,89.00000000,0.02661817,33.98488833,143.88685752,143.91485669,143.94075816,143.92754169,143.81505626,143.58908327,143.33206990,SELL
2025.06.03 20:38,0.00000000,143.88700000,143.88500000,143.86900000,143.86300000,89.00000000,0.02661817,33.98488833,143.88685752,143.91485669,143.94075816,143.92754169,143.81505626,143.58908327,143.33206990,SELL
2025.06.03 20:38,0.00000000,143.88700000,143.88500000,143.86900000,143.86300000,89.00000000,0.02661817,33.98488833,143.88685752,143.91485669,143.94075816,143.92754169,143.81505626,143.58908327,143.33206990,SELL
2025.06.03 20:38,2.00000000,143.88700000,143.88500000,143.86900000,143.86300000,89.00000000,0.02661817,33.98488833,143.88685752,143.91485669,143.94075816,143.92754169,143.81505626,143.58908327,143.33206990,SELL
2025.06.03 20:38,0.00000000,143.88700000,143.88500000,143.86900000,143.86300000,89.00000000,0.02661817,33.98488833,143.88685752,143.91485669,143.94075816,143.92754169,143.81505626,143.58908327,143.33206990,SELL
2025.06.03 20:38,0.00000000,143.88700000,143.88500000,143.86900000,143.86300000,89.00000000,0.02661817,33.98488833,143.88685752,143.91485669,143.94075816,143.92754169,143.81505626,143.58908327,143.33206990,SELL
2025.06.03 20:38,0.00000000,143.88700000,143.88500000,143.86900000,143.86300000,89.00000000,0.02661817,33.98488833,143.88685752,143.91485669,143.94075816,143.92754169,143.81505626,143.58908327,143.33206990,SELL
2025.06.03 20:38,0.00000000,143.88700000,143.88500000,143.86900000,143.86300000,89.00000000,0.02661817,33.98488833,143.88685752,143.91485669,143.94075816,143.92754169,143.81505626,143.58908327,143.33206990,SELL
2025.06.03 20:38,0.00000000,143.88700000,143.88500000,143.86900000,143.86300000,89.00000000,0.02661817,33.98488833,143.88685752,143.91485669,143.94075816,143.92754169,143.81505626,143.58908327,143.33206990,SELL
2025.06.03 20:38,2.00000000,143.88700000,143.88500000,143.86900000,143.86300000,89.00000000,0.02661817,33.98488833,143.88685752,143.91485669,143.94075816,143.92754169,143.81505626,143.58908327,143.33206990,SELL
2025.06.03 20:38,0.00000000,143.88700000,143.88500000,143.86900000,143.86300000,89.00000000,0.02661817,33.98488833,143.88685752,143.91485669,143.94075816,143.92754169,143.81505626,143.58908327,143.33206990,SELL
2025.06.03 20:38,0.00000000,143.88700000,143.88500000,143.86900000,143.86300000,89.00000000,0.02661817,33.98488833,143.88685752,143.91485669,143.94075816,143.92754169,143.81505626,143.58908327,143.33206990,SELL
2025.06.03 20:38,0.00000000,143.88700000,143.88500000,143.86900000,143.86300000,89.00000000,0.02661817,33.98488833,143.88685752,143.91485669,143.94075816,143.92754169,143.81505626,143.58908327,143.33206990,SELL
2025.06.03 20:38,3.00000000,143.88700000,143.88500000,143.86900000,143.86300000,89.00000000,0.02661817,33.98488833,143.88685752,143.91485669,143.94075816,143.92754169,143.81505626,143.58908327,143.33206990,SELL
2025.06.03 20:38,5.00000000,143.88700000,143.88500000,143.86900000,143.86300000,89.00000000,0.02661817,33.98488833,143.88685752,143.91485669,143.94075816,143.92754169,143.81505626,143.58908327,143.33206990,SELL
2025.06.03 20:38,3.00000000,143.88700000,143.88500000,143.86900000,143.86300000,89.00000000,0.02661817,33.98488833,143.88685752,143.91485669,143.94075816,143.92754169,143.81505626,143.58908327,143.33206990,SELL
2025.06.03 20:38,0.00000000,143.88700000,143.88500000,143.86900000,143.86300000,89.00000000,0.02661817,33.98488833,143.88685752,143.91485669,143.94075816,143.92754169,143.81505626,143.58908327,143.33206990,SELL
2025.06.03 20:38,3.00000000,143.88700000,143.88500000,143.86900000,143.86300000,89.00000000,0.02661817,33.98488833,143.88685752,143.91485669,143.94075816,143.92754169,143.81505626,143.58908327,143.33206990,SELL
2025.06.03 20:38,0.00000000,143.88700000,143.88500000,143.86900000,143.86300000,89.00000000,0.02661817,33.98488833,143.88685752,143.91485669,143.94075816,143.92754169,143.81505626,143.58908327,143.33206990,SELL
2025.06.03 20:38,2.00000000,143.88700000,143.88500000,143.86900000,143.86300000,89.00000000,0.02661817,33.98488833,143.88685752,143.91485669,143.94075816,143.92754169,143.81505626,143.58908327,143.33206990,SELL
2025.06.03 20:38,1.00000000,143.88700000,143.88500000,143.86900000,143.86300000,89.00000000,0.02661817,33.98488833,143.88685752,143.91485669,143.94075816,143.92754169,143.81505626,143.58908327,143.33206990,SELL
2025.06.03 20:38,3.00000000,143.88700000,143.88500000,143.86900000,143.86300000,89.00000000,0.02661817,33.98488833,143.88685752,143.91485669,143.94075816,143.92754169,143.81505626,143.58908327,143.33206990,SELL
2025.06.03 20:38,3.00000000,143.88700000,143.88500000,143.86900000,143.86300000,89.00000000,0.02661817,33.98488833,143.88685752,143.91485669,143.94075816,143.92754169,143.81505626,143.58908327,143.33206990,SELL
2025.06.03 20:38,0.00000000,143.88700000,143.88500000,143.86900000,143.86300000,89.00000000,0.02661817,33.98488833,143.88685752,143.91485669,143.94075816,143.92754169,143.81505626,143.58908327,143.33206990,SELL
2025.06.03 20:38,3.00000000,143.88700000,143.88500000,143.86900000,143.86300000,89.00000000,0.02661817,33.98488833,143.88685752,143.91485669,143.94075816,143.92754169,143.81505626,143.58908327,143.33206990,SELL
2025.06.03 20:38,5.00000000,143.88700000,143.88500000,143.86900000,143.86300000,89.00000000,0.02661817,33.98488833,143.88685752,143.91485669,143.94075816,143.92754169,143.81505626,143.58908327,143.33206990,SELL
2025.06.03 20:38,5.00000000,143.88700000,143.88500000,143.86900000,143.86300000,89.00000000,0.02661817,33.98488833,143.88685752,143.91485669,143.94075816,143.92754169,143.81505626,143.58908327,143.33206990,SELL
2025.06.03 20:38,0.00000000,143.88700000,143.88500000,143.86900000,143.86300000,89.00000000,0.02661817,33.98488833,143.88685752,143.91485669,143.94075816,143.92754169,143.81505626,143.58908327,143.33206990,SELL
2025.06.03 20:38,0.00000000,143.88700000,143.88500000,143.86900000,143.86300000,89.00000000,0.02661817,33.98488833,143.88685752,143.91485669,143.94075816,143.92754169,143.81505626,143.58908327,143.33206990,SELL
2025.06.03 20:38,2.00000000,143.88700000,143.88500000,143.86900000,143.86300000,89.00000000,0.02661817,33.98488833,143.88685752,143.91485669,143.94075816,143.92754169,143.81505626,143.58908327,143.33206990,SELL
2025.06.03 20:39,0.00000000,143.88600000,143.86600000,143.88500000,143.86600000,109.00000000,0.01993470,36.88369719,143.88648602,143.91272407,143.93889955,143.92683267,143.81563912,143.59031626,143.33317576,SELL
2025.06.03 20:39,0.00000000,143.88600000,143.86600000,143.88500000,143.86600000,109.00000000,0.01993470,36.88369719,143.88648602,143.91272407,143.93889955,143.92683267,143.81563912,143.59031626,143.33317576,SELL
2025.06.03 20:39,2.00000000,143.88600000,143.86600000,143.88500000,143.86600000,109.00000000,0.01993470,36.88369719,143.88648602,143.91272407,143.93889955,143.92683267,143.81563912,143.59031626,143.33317576,SELL
2025.06.03 20:39,0.00000000,143.88600000,143.86600000,143.88500000,143.86600000,109.00000000,0.01993470,36.88369719,143.88648602,143.91272407,143.93889955,143.92683267,143.81563912,143.59031626,143.33317576,SELL
2025.06.03 20:39,0.00000000,143.88600000,143.86600000,143.88500000,143.86600000,109.00000000,0.01993470,36.88369719,143.88648602,143.91272407,143.93889955,143.92683267,143.81563912,143.59031626,143.33317576,SELL
2025.06.03 20:39,1.00000000,143.88600000,143.86600000,143.88500000,143.86600000,109.00000000,0.01993470,36.88369719,143.88648602,143.91272407,143.93889955,143.92683267,143.81563912,143.59031626,143.33317576,SELL
2025.06.03 20:39,2.00000000,143.88600000,143.86600000,143.88500000,143.86600000,109.00000000,0.01993470,36.88369719,143.88648602,143.91272407,143.93889955,143.92683267,143.81563912,143.59031626,143.33317576,SELL
2025.06.03 20:39,2.00000000,143.88600000,143.86600000,143.88500000,143.86600000,109.00000000,0.01993470,36.88369719,143.88648602,143.91272407,143.93889955,143.92683267,143.81563912,143.59031626,143.33317576,SELL
2025.06.03 20:39,2.00000000,143.88600000,143.86600000,143.88500000,143.86600000,109.00000000,0.01993470,36.88369719,143.88648602,143.91272407,143.93889955,143.92683267,143.81563912,143.59031626,143.33317576,SELL
2025.06.03 20:39,0.00000000,143.88600000,143.86600000,143.88500000,143.86600000,109.00000000,0.01993470,36.88369719,143.88648602,143.91272407,143.93889955,143.92683267,143.81563912,143.59031626,143.33317576,SELL
2025.06.03 20:39,2.00000000,143.88600000,143.86600000,143.88500000,143.86600000,109.00000000,0.01993470,36.88369719,143.88648602,143.91272407,143.93889955,143.92683267,143.81563912,143.59031626,143.33317576,SELL
2025.06.03 20:39,2.00000000,143.88600000,143.86600000,143.88500000,143.86600000,109.00000000,0.01993470,36.88369719,143.88648602,143.91272407,143.93889955,143.92683267,143.81563912,143.59031626,143.33317576,SELL
2025.06.03 20:39,0.00000000,143.88600000,143.86600000,143.88500000,143.86600000,109.00000000,0.01993470,36.88369719,143.88648602,143.91272407,143.93889955,143.92683267,143.81563912,143.59031626,143.33317576,SELL
2025.06.03 20:39,3.00000000,143.88600000,143.86600000,143.88500000,143.86600000,109.00000000,0.01993470,36.88369719,143.88648602,143.91272407,143.93889955,143.92683267,143.81563912,143.59031626,143.33317576,SELL
2025.06.03 20:39,3.00000000,143.88600000,143.86600000,143.88500000,143.86600000,109.00000000,0.01993470,36.88369719,143.88648602,143.91272407,143.93889955,143.92683267,143.81563912,143.59031626,143.33317576,SELL
2025.06.03 20:39,0.00000000,143.88600000,143.86600000,143.88500000,143.86600000,109.00000000,0.01993470,36.88369719,143.88648602,143.91272407,143.93889955,143.92683267,143.81563912,143.59031626,143.33317576,SELL
2025.06.03 20:39,3.00000000,143.88600000,143.86600000,143.88500000,143.86600000,109.00000000,0.01993470,36.88369719,143.88648602,143.91272407,143.93889955,143.92683267,143.81563912,143.59031626,143.33317576,SELL
2025.06.03 20:39,3.00000000,143.88600000,143.86600000,143.88500000,143.86600000,109.00000000,0.01993470,36.88369719,143.88648602,143.91272407,143.93889955,143.92683267,143.81563912,143.59031626,143.33317576,SELL
2025.06.03 20:39,0.00000000,143.88600000,143.86600000,143.88500000,143.86600000,109.00000000,0.01993470,36.88369719,143.88648602,143.91272407,143.93889955,143.92683267,143.81563912,143.59031626,143.33317576,SELL
2025.06.03 20:39,1.00000000,143.88600000,143.86600000,143.88500000,143.86600000,109.00000000,0.01993470,36.88369719,143.88648602,143.91272407,143.93889955,143.92683267,143.81563912,143.59031626,143.33317576,SELL
2025.06.03 20:39,0.00000000,143.88600000,143.86600000,143.88500000,143.86600000,109.00000000,0.01993470,36.88369719,143.88648602,143.91272407,143.93889955,143.92683267,143.81563912,143.59031626,143.33317576,SELL
2025.06.03 20:39,1.00000000,143.88600000,143.86600000,143.88500000,143.86600000,109.00000000,0.01993470,36.88369719,143.88648602,143.91272407,143.93889955,143.92683267,143.81563912,143.59031626,143.33317576,SELL
2025.06.03 20:39,3.00000000,143.88600000,143.86600000,143.88500000,143.86600000,109.00000000,0.01993470,36.88369719,143.88648602,143.91272407,143.93889955,143.92683267,143.81563912,143.59031626,143.33317576,SELL
2025.06.03 20:39,0.00000000,143.88600000,143.86600000,143.88500000,143.86600000,109.00000000,0.01993470,36.88369719,143.88648602,143.91272407,143.93889955,143.92683267,143.81563912,143.59031626,143.33317576,SELL
2025.06.03 20:39,1.00000000,143.88600000,143.86600000,143.88500000,143.86600000,109.00000000,0.01993470,36.88369719,143.88648602,143.91272407,143.93889955,143.92683267,143.81563912,143.59031626,143.33317576,SELL
2025.06.03 20:39,0.00000000,143.88600000,143.86600000,143.88500000,143.86600000,109.00000000,0.01993470,36.88369719,143.88648602,143.91272407,143.93889955,143.92683267,143.81563912,143.59031626,143.33317576,SELL
2025.06.03 20:39,5.00000000,143.88600000,143.86600000,143.88500000,143.86600000,109.00000000,0.01993470,36.88369719,143.88648602,143.91272407,143.93889955,143.92683267,143.81563912,143.59031626,143.33317576,SELL
2025.06.03 20:39,0.00000000,143.88600000,143.86600000,143.88500000,143.86600000,109.00000000,0.01993470,36.88369719,143.88648602,143.91272407,143.93889955,143.92683267,143.81563912,143.59031626,143.33317576,SELL
2025.06.03 20:39,5.00000000,143.88600000,143.86600000,143.88500000,143.86600000,109.00000000,0.01993470,36.88369719,143.88648602,143.91272407,143.93889955,143.92683267,143.81563912,143.59031626,143.33317576,SELL
2025.06.03 20:39,0.00000000,143.88600000,143.86600000,143.88500000,143.86600000,109.00000000,0.01993470,36.88369719,143.88648602,143.91272407,143.93889955,143.92683267,143.81563912,143.59031626,143.33317576,SELL
2025.06.03 20:39,0.00000000,143.88600000,143.86600000,143.88500000,143.86600000,109.00000000,0.01993470,36.88369719,143.88648602,143.91272407,143.93889955,143.92683267,143.81563912,143.59031626,143.33317576,SELL
2025.06.03 20:39,5.00000000,143.88600000,143.86600000,143.88500000,143.86600000,109.00000000,0.01993470,36.88369719,143.88648602,143.91272407,143.93889955,143.92683267,143.81563912,143.59031626,143.33317576,SELL
2025.06.03 20:39,0.00000000,143.88600000,143.86600000,143.88500000,143.86600000,109.00000000,0.01993470,36.88369719,143.88648602,143.91272407,143.93889955,143.92683267,143.81563912,143.59031626,143.33317576,SELL
2025.06.03 20:39,3.00000000,143.88600000,143.86600000,143.88500000,143.86600000,109.00000000,0.01993470,36.88369719,143.88648602,143.91272407,143.93889955,143.92683267,143.81563912,143.59031626,143.33317576,SELL
2025.06.03 20:39,0.00000000,143.88600000,143.86600000,143.88500000,143.86600000,109.00000000,0.01993470,36.88369719,143.88648602,143.91272407,143.93889955,143.92683267,143.81563912,143.59031626,143.33317576,SELL
2025.06.03 20:39,3.00000000,143.88600000,143.86600000,143.88500000,143.86600000,109.00000000,0.01993470,36.88369719,143.88648602,143.91272407,143.93889955,143.92683267,143.81563912,143.59031626,143.33317576,SELL
2025.06.03 20:39,2.00000000,143.88600000,143.86600000,143.88500000,143.86600000,109.00000000,0.01993470,36.88369719,143.88648602,143.91272407,143.93889955,143.92683267,143.81563912,143.59031626,143.33317576,SELL
2025.06.03 20:39,5.00000000,143.88600000,143.86600000,143.88500000,143.86600000,109.00000000,0.01993470,36.88369719,143.88648602,143.91272407,143.93889955,143.92683267,143.81563912,143.59031626,143.33317576,SELL
2025.06.03 20:39,0.00000000,143.88600000,143.86600000,143.88500000,143.86600000,109.00000000,0.01993470,36.88369719,143.88648602,143.91272407,143.93889955,143.92683267,143.81563912,143.59031626,143.33317576,SELL
2025.06.03 20:39,3.00000000,143.88600000,143.86600000,143.88500000,143.86600000,109.00000000,0.01993470,36.88369719,143.88648602,143.91272407,143.93889955,143.92683267,143.81563912,143.59031626,143.33317576,SELL
2025.06.03 20:39,3.00000000,143.88600000,143.86600000,143.88500000,143.86600000,109.00000000,0.01993470,36.88369719,143.88648602,143.91272407,143.93889955,143.92683267,143.81563912,143.59031626,143.33317576,SELL
2025.06.03 20:39,1.00000000,143.88600000,143.86600000,143.88500000,143.86600000,109.00000000,0.01993470,36.88369719,143.88648602,143.91272407,143.93889955,143.92683267,143.81563912,143.59031626,143.33317576,SELL
2025.06.03 20:39,3.00000000,143.88600000,143.86600000,143.88500000,143.86600000,109.00000000,0.01993470,36.88369719,143.88648602,143.91272407,143.93889955,143.92683267,143.81563912,143.59031626,143.33317576,SELL
2025.06.03 20:39,3.00000000,143.88600000,143.86600000,143.88500000,143.86600000,109.00000000,0.01993470,36.88369719,143.88648602,143.91272407,143.93889955,143.92683267,143.81563912,143.59031626,143.33317576,SELL
2025.06.03 20:39,5.00000000,143.88600000,143.86600000,143.88500000,143.86600000,109.00000000,0.01993470,36.88369719,143.88648602,143.91272407,143.93889955,143.92683267,143.81563912,143.59031626,143.33317576,SELL
2025.06.03 20:39,3.00000000,143.88600000,143.86600000,143.88500000,143.86600000,109.00000000,0.01993470,36.88369719,143.88648602,143.91272407,143.93889955,143.92683267,143.81563912,143.59031626,143.33317576,SELL
2025.06.03 20:39,5.00000000,143.88600000,143.86600000,143.88500000,143.86600000,109.00000000,0.01993470,36.88369719,143.88648602,143.91272407,143.93889955,143.92683267,143.81563912,143.59031626,143.33317576,SELL
2025.06.03 20:39,1.00000000,143.88600000,143.86600000,143.88500000,143.86600000,109.00000000,0.01993470,36.88369719,143.88648602,143.91272407,143.93889955,143.92683267,143.81563912,143.59031626,143.33317576,SELL
2025.06.03 20:39,5.00000000,143.88600000,143.86600000,143.88500000,143.86600000,109.00000000,0.01993470,36.88369719,143.88648602,143.91272407,143.93889955,143.92683267,143.81563912,143.59031626,143.33317576,SELL
2025.06.03 20:39,5.00000000,143.88600000,143.86600000,143.88500000,143.86600000,109.00000000,0.01993470,36.88369719,143.88648602,143.91272407,143.93889955,143.92683267,143.81563912,143.59031626,143.33317576,SELL
2025.06.03 20:39,5.00000000,143.88600000,143.86600000,143.88500000,143.86600000,109.00000000,0.01993470,36.88369719,143.88648602,143.91272407,143.93889955,143.92683267,143.81563912,143.59031626,143.33317576,SELL
2025.06.03 20:39,5.00000000,143.88600000,143.86600000,143.88500000,143.86600000,109.00000000,0.01993470,36.88369719,143.88648602,143.91272407,143.93889955,143.92683267,143.81563912,143.59031626,143.33317576,SELL
2025.06.03 20:39,3.00000000,143.88600000,143.86600000,143.88500000,143.86600000,109.00000000,0.01993470,36.88369719,143.88648602,143.91272407,143.93889955,143.92683267,143.81563912,143.59031626,143.33317576,SELL
2025.06.03 20:39,3.00000000,143.88600000,143.86600000,143.88500000,143.86600000,109.00000000,0.01993470,36.88369719,143.88648602,143.91272407,143.93889955,143.92683267,143.81563912,143.59031626,143.33317576,SELL
2025.06.03 20:39,3.00000000,143.88600000,143.86600000,143.88500000,143.86600000,109.00000000,0.01993470,36.88369719,143.88648602,143.91272407,143.93889955,143.92683267,143.81563912,143.59031626,143.33317576,SELL
2025.06.03 20:39,0.00000000,143.88600000,143.86600000,143.88500000,143.86600000,109.00000000,0.01993470,36.88369719,143.88648602,143.91272407,143.93889955,143.92683267,143.81563912,143.59031626,143.33317576,SELL
2025.06.03 20:40,5.00000000,143.89600000,143.88700000,143.88900000,143.87600000,92.00000000,0.01601148,39.19257651,143.88698881,143.91102949,143.93723623,143.92620212,143.81625046,143.59156077,143.33428741,SELL
2025.06.03 20:40,0.00000000,143.89600000,143.88700000,143.88900000,143.87600000,92.00000000,0.01601148,39.19257651,143.88698881,143.91102949,143.93723623,143.92620212,143.81625046,143.59156077,143.33428741,SELL
2025.06.03 20:40,1.00000000,143.89600000,143.88700000,143.88900000,143.87600000,92.00000000,0.01601148,39.19257651,143.88698881,143.91102949,143.93723623,143.92620212,143.81625046,143.59156077,143.33428741,SELL
2025.06.03 20:40,5.00000000,143.89600000,143.88700000,143.88900000,143.87600000,92.00000000,0.01601148,39.19257651,143.88698881,143.91102949,143.93723623,143.92620212,143.81625046,143.59156077,143.33428741,SELL
2025.06.03 20:40,5.00000000,143.89600000,143.88700000,143.88900000,143.87600000,92.00000000,0.01601148,39.19257651,143.88698881,143.91102949,143.93723623,143.92620212,143.81625046,143.59156077,143.33428741,SELL
2025.06.03 20:40,5.00000000,143.89600000,143.88700000,143.88900000,143.87600000,92.00000000,0.01601148,39.19257651,143.88698881,143.91102949,143.93723623,143.92620212,143.81625046,143.59156077,143.33428741,SELL
2025.06.03 20:40,6.00000000,143.89600000,143.88700000,143.88900000,143.87600000,92.00000000,0.01601148,39.19257651,143.88698881,143.91102949,143.93723623,143.92620212,143.81625046,143.59156077,143.33428741,SELL
2025.06.03 20:40,6.00000000,143.89600000,143.88700000,143.88900000,143.87600000,92.00000000,0.01601148,39.19257651,143.88698881,143.91102949,143.93723623,143.92620212,143.81625046,143.59156077,143.33428741,SELL
2025.06.03 20:40,5.00000000,143.89600000,143.88700000,143.88900000,143.87600000,92.00000000,0.01601148,39.19257651,143.88698881,143.91102949,143.93723623,143.92620212,143.81625046,143.59156077,143.33428741,SELL
2025.06.03 20:40,2.00000000,143.89600000,143.88700000,143.88900000,143.87600000,92.00000000,0.01601148,39.19257651,143.88698881,143.91102949,143.93723623,143.92620212,143.81625046,143.59156077,143.33428741,SELL
2025.06.03 20:40,0.00000000,143.89600000,143.88700000,143.88900000,143.87600000,92.00000000,0.01601148,39.19257651,143.88698881,143.91102949,143.93723623,143.92620212,143.81625046,143.59156077,143.33428741,SELL
2025.06.03 20:40,5.00000000,143.89600000,143.88700000,143.88900000,143.87600000,92.00000000,0.01601148,39.19257651,143.88698881,143.91102949,143.93723623,143.92620212,143.81625046,143.59156077,143.33428741,SELL
2025.06.03 20:40,1.00000000,143.89600000,143.88700000,143.88900000,143.87600000,92.00000000,0.01601148,39.19257651,143.88698881,143.91102949,143.93723623,143.92620212,143.81625046,143.59156077,143.33428741,SELL
2025.06.03 20:40,6.00000000,143.89600000,143.88700000,143.88900000,143.87600000,92.00000000,0.01601148,39.19257651,143.88698881,143.91102949,143.93723623,143.92620212,143.81625046,143.59156077,143.33428741,SELL
2025.06.03 20:40,5.00000000,143.89600000,143.88700000,143.88900000,143.87600000,92.00000000,0.01601148,39.19257651,143.88698881,143.91102949,143.93723623,143.92620212,143.81625046,143.59156077,143.33428741,SELL
2025.06.03 20:40,3.00000000,143.89600000,143.88700000,143.88900000,143.87600000,92.00000000,0.01601148,39.19257651,143.88698881,143.91102949,143.93723623,143.92620212,143.81625046,143.59156077,143.33428741,SELL
2025.06.03 20:40,3.00000000,143.89600000,143.88700000,143.88900000,143.87600000,92.00000000,0.01601148,39.19257651,143.88698881,143.91102949,143.93723623,143.92620212,143.81625046,143.59156077,143.33428741,SELL
2025.06.03 20:40,0.00000000,143.89600000,143.88700000,143.88900000,143.87600000,92.00000000,0.01601148,39.19257651,143.88698881,143.91102949,143.93723623,143.92620212,143.81625046,143.59156077,143.33428741,SELL
2025.06.03 20:40,5.00000000,143.89600000,143.88700000,143.88900000,143.87600000,92.00000000,0.01601148,39.19257651,143.88698881,143.91102949,143.93723623,143.92620212,143.81625046,143.59156077,143.33428741,SELL
2025.06.03 20:40,3.00000000,143.89600000,143.88700000,143.88900000,143.87600000,92.00000000,0.01601148,39.19257651,143.88698881,143.91102949,143.93723623,143.92620212,143.81625046,143.59156077,143.33428741,SELL
2025.06.03 20:40,3.00000000,143.89600000,143.88700000,143.88900000,143.87600000,92.00000000,0.01601148,39.19257651,143.88698881,143.91102949,143.93723623,143.92620212,143.81625046,143.59156077,143.33428741,SELL
2025.06.03 20:40,0.00000000,143.89600000,143.88700000,143.88900000,143.87600000,92.00000000,0.01601148,39.19257651,143.88698881,143.91102949,143.93723623,143.92620212,143.81625046,143.59156077,143.33428741,SELL
2025.06.03 20:40,5.00000000,143.89600000,143.88700000,143.88900000,143.87600000,92.00000000,0.01601148,39.19257651,143.88698881,143.91102949,143.93723623,143.92620212,143.81625046,143.59156077,143.33428741,SELL
2025.06.03 20:40,0.00000000,143.89600000,143.88700000,143.88900000,143.87600000,92.00000000,0.01601148,39.19257651,143.88698881,143.91102949,143.93723623,143.92620212,143.81625046,143.59156077,143.33428741,SELL
2025.06.03 20:40,0.00000000,143.89600000,143.88700000,143.88900000,143.87600000,92.00000000,0.01601148,39.19257651,143.88698881,143.91102949,143.93723623,143.92620212,143.81625046,143.59156077,143.33428741,SELL
2025.06.03 20:40,6.00000000,143.89600000,143.88700000,143.88900000,143.87600000,92.00000000,0.01601148,39.19257651,143.88698881,143.91102949,143.93723623,143.92620212,143.81625046,143.59156077,143.33428741,SELL
2025.06.03 20:40,5.00000000,143.89600000,143.88700000,143.88900000,143.87600000,92.00000000,0.01601148,39.19257651,143.88698881,143.91102949,143.93723623,143.92620212,143.81625046,143.59156077,143.33428741,SELL
2025.06.03 20:40,3.00000000,143.89600000,143.88700000,143.88900000,143.87600000,92.00000000,0.01601148,39.19257651,143.88698881,143.91102949,143.93723623,143.92620212,143.81625046,143.59156077,143.33428741,SELL
2025.06.03 20:40,1.00000000,143.89600000,143.88700000,143.88900000,143.87600000,92.00000000,0.01601148,39.19257651,143.88698881,143.91102949,143.93723623,143.92620212,143.81625046,143.59156077,143.33428741,SELL
2025.06.03 20:40,5.00000000,143.89600000,143.88700000,143.88900000,143.87600000,92.00000000,0.01601148,39.19257651,143.88698881,143.91102949,143.93723623,143.92620212,143.81625046,143.59156077,143.33428741,SELL
2025.06.03 20:40,2.00000000,143.89600000,143.88700000,143.88900000,143.87600000,92.00000000,0.01601148,39.19257651,143.88698881,143.91102949,143.93723623,143.92620212,143.81625046,143.59156077,143.33428741,SELL
2025.06.03 20:40,5.00000000,143.89600000,143.88700000,143.88900000,143.87600000,92.00000000,0.01601148,39.19257651,143.88698881,143.91102949,143.93723623,143.92620212,143.81625046,143.59156077,143.33428741,SELL
2025.06.03 20:40,0.00000000,143.89600000,143.88700000,143.88900000,143.87600000,92.00000000,0.01601148,39.19257651,143.88698881,143.91102949,143.93723623,143.92620212,143.81625046,143.59156077,143.33428741,SELL
2025.06.03 20:40,6.00000000,143.89600000,143.88700000,143.88900000,143.87600000,92.00000000,0.01601148,39.19257651,143.88698881,143.91102949,143.93723623,143.92620212,143.81625046,143.59156077,143.33428741,SELL
2025.06.03 20:40,6.00000000,143.89600000,143.88700000,143.88900000,143.87600000,92.00000000,0.01601148,39.19257651,143.88698881,143.91102949,143.93723623,143.92620212,143.81625046,143.59156077,143.33428741,SELL
2025.06.03 20:40,6.00000000,143.89600000,143.88700000,143.88900000,143.87600000,92.00000000,0.01601148,39.19257651,143.88698881,143.91102949,143.93723623,143.92620212,143.81625046,143.59156077,143.33428741,SELL
2025.06.03 20:40,0.00000000,143.89600000,143.88700000,143.88900000,143.87600000,92.00000000,0.01601148,39.19257651,143.88698881,143.91102949,143.93723623,143.92620212,143.81625046,143.59156077,143.33428741,SELL
2025.06.03 20:40,6.00000000,143.89600000,143.88700000,143.88900000,143.87600000,92.00000000,0.01601148,39.19257651,143.88698881,143.91102949,143.93723623,143.92620212,143.81625046,143.59156077,143.33428741,SELL
2025.06.03 20:40,5.00000000,143.89600000,143.88700000,143.88900000,143.87600000,92.00000000,0.01601148,39.19257651,143.88698881,143.91102949,143.93723623,143.92620212,143.81625046,143.59156077,143.33428741,SELL
2025.06.03 20:40,5.00000000,143.89600000,143.88700000,143.88900000,143.87600000,92.00000000,0.01601148,39.19257651,143.88698881,143.91102949,143.93723623,143.92620212,143.81625046,143.59156077,143.33428741,SELL
2025.06.03 20:40,3.00000000,143.89600000,143.88700000,143.88900000,143.87600000,92.00000000,0.01601148,39.19257651,143.88698881,143.91102949,143.93723623,143.92620212,143.81625046,143.59156077,143.33428741,SELL
2025.06.03 21:48,0.00000000,143.93700000,143.93300000,143.91500000,143.91300000,84.00000000,0.01492263,58.59350046,143.91271085,143.89873540,143.89557492,143.89985024,143.84650261,143.66415765,143.40436995,BUY
2025.06.03 21:48,0.00000000,143.93700000,143.93300000,143.91500000,143.91300000,84.00000000,0.01492263,58.59350046,143.91271085,143.89873540,143.89557492,143.89985024,143.84650261,143.66415765,143.40436995,BUY
2025.06.03 21:48,0.00000000,143.93700000,143.93300000,143.91500000,143.91300000,84.00000000,0.01492263,58.59350046,143.91271085,143.89873540,143.89557492,143.89985024,143.84650261,143.66415765,143.40436995,BUY
2025.06.03 21:48,2.00000000,143.93700000,143.93300000,143.91500000,143.91300000,84.00000000,0.01492263,58.59350046,143.91271085,143.89873540,143.89557492,143.89985024,143.84650261,143.66415765,143.40436995,BUY
2025.06.03 21:48,1.00000000,143.93700000,143.93300000,143.91500000,143.91300000,84.00000000,0.01492263,58.59350046,143.91271085,143.89873540,143.89557492,143.89985024,143.84650261,143.66415765,143.40436995,BUY
2025.06.03 21:48,5.00000000,143.93700000,143.93300000,143.91500000,143.91300000,84.00000000,0.01492263,58.59350046,143.91271085,143.89873540,143.89557492,143.89985024,143.84650261,143.66415765,143.40436995,BUY
2025.06.03 21:48,2.00000000,143.93700000,143.93300000,143.91500000,143.91300000,84.00000000,0.01492263,58.59350046,143.91271085,143.89873540,143.89557492,143.89985024,143.84650261,143.66415765,143.40436995,BUY
2025.06.03 21:48,0.00000000,143.93700000,143.93300000,143.91500000,143.91300000,84.00000000,0.01492263,58.59350046,143.91271085,143.89873540,143.89557492,143.89985024,143.84650261,143.66415765,143.40436995,BUY
2025.06.03 21:48,0.00000000,143.93700000,143.93300000,143.91500000,143.91300000,84.00000000,0.01492263,58.59350046,143.91271085,143.89873540,143.89557492,143.89985024,143.84650261,143.66415765,143.40436995,BUY
2025.06.03 21:48,0.00000000,143.93700000,143.93300000,143.91500000,143.91300000,84.00000000,0.01492263,58.59350046,143.91271085,143.89873540,143.89557492,143.89985024,143.84650261,143.66415765,143.40436995,BUY
2025.06.03 21:48,6.00000000,143.93700000,143.93300000,143.91500000,143.91300000,84.00000000,0.01492263,58.59350046,143.91271085,143.89873540,143.89557492,143.89985024,143.84650261,143.66415765,143.40436995,BUY
2025.06.03 21:48,0.00000000,143.93700000,143.93300000,143.91500000,143.91300000,84.00000000,0.01492263,58.59350046,143.91271085,143.89873540,143.89557492,143.89985024,143.84650261,143.66415765,143.40436995,BUY
2025.06.03 21:49,6.00000000,143.92400000,143.91600000,143.90600000,143.89300000,105.00000000,0.01432836,53.77743604,143.91136868,143.89925430,143.89592243,143.89995273,143.84699842,143.66516533,143.40537321,BUY
2025.06.03 21:49,1.00000000,143.92400000,143.91600000,143.90600000,143.89300000,105.00000000,0.01432836,53.77743604,143.91136868,143.89925430,143.89592243,143.89995273,143.84699842,143.66516533,143.40537321,BUY
2025.06.03 21:49,1.00000000,143.92400000,143.91600000,143.90600000,143.89300000,105.00000000,0.01432836,53.77743604,143.91136868,143.89925430,143.89592243,143.89995273,143.84699842,143.66516533,143.40537321,BUY
2025.06.03 21:49,3.00000000,143.92400000,143.91600000,143.90600000,143.89300000,105.00000000,0.01432836,53.77743604,143.91136868,143.89925430,143.89592243,143.89995273,143.84699842,143.66516533,143.40537321,BUY
2025.06.03 21:49,2.00000000,143.92400000,143.91600000,143.90600000,143.89300000,105.00000000,0.01432836,53.77743604,143.91136868,143.89925430,143.89592243,143.89995273,143.84699842,143.66516533,143.40537321,BUY
2025.06.03 21:49,1.00000000,143.92400000,143.91600000,143.90600000,143.89300000,105.00000000,0.01432836,53.77743604,143.91136868,143.89925430,143.89592243,143.89995273,143.84699842,143.66516533,143.40537321,BUY
2025.06.03 21:49,2.00000000,143.92400000,143.91600000,143.90600000,143.89300000,105.00000000,0.01432836,53.77743604,143.91136868,143.89925430,143.89592243,143.89995273,143.84699842,143.66516533,143.40537321,BUY
2025.06.03 21:49,1.00000000,143.92400000,143.91600000,143.90600000,143.89300000,105.00000000,0.01432836,53.77743604,143.91136868,143.89925430,143.89592243,143.89995273,143.84699842,143.66516533,143.40537321,BUY
2025.06.03 21:49,0.00000000,143.92400000,143.91600000,143.90600000,143.89300000,105.00000000,0.01432836,53.77743604,143.91136868,143.89925430,143.89592243,143.89995273,143.84699842,143.66516533,143.40537321,BUY
2025.06.03 21:49,0.00000000,143.92400000,143.91600000,143.90600000,143.89300000,105.00000000,0.01432836,53.77743604,143.91136868,143.89925430,143.89592243,143.89995273,143.84699842,143.66516533,143.40537321,BUY
2025.06.03 21:49,1.00000000,143.92400000,143.91600000,143.90600000,143.89300000,105.00000000,0.01432836,53.77743604,143.91136868,143.89925430,143.89592243,143.89995273,143.84699842,143.66516533,143.40537321,BUY
2025.06.03 21:49,0.00000000,143.92400000,143.91600000,143.90600000,143.89300000,105.00000000,0.01432836,53.77743604,143.91136868,143.89925430,143.89592243,143.89995273,143.84699842,143.66516533,143.40537321,BUY
2025.06.03 21:49,1.00000000,143.92400000,143.91600000,143.90600000,143.89300000,105.00000000,0.01432836,53.77743604,143.91136868,143.89925430,143.89592243,143.89995273,143.84699842,143.66516533,143.40537321,BUY
2025.06.03 21:49,5.00000000,143.92400000,143.91600000,143.90600000,143.89300000,105.00000000,0.01432836,53.77743604,143.91136868,143.89925430,143.89592243,143.89995273,143.84699842,143.66516533,143.40537321,BUY
2025.06.03 21:49,6.00000000,143.92400000,143.91600000,143.90600000,143.89300000,105.00000000,0.01432836,53.77743604,143.91136868,143.89925430,143.89592243,143.89995273,143.84699842,143.66516533,143.40537321,BUY
2025.06.03 21:49,5.00000000,143.92400000,143.91600000,143.90600000,143.89300000,105.00000000,0.01432836,53.77743604,143.91136868,143.89925430,143.89592243,143.89995273,143.84699842,143.66516533,143.40537321,BUY
2025.06.03 21:49,5.00000000,143.92400000,143.91600000,143.90600000,143.89300000,105.00000000,0.01432836,53.77743604,143.91136868,143.89925430,143.89592243,143.89995273,143.84699842,143.66516533,143.40537321,BUY
2025.06.03 21:49,6.00000000,143.92400000,143.91600000,143.90600000,143.89300000,105.00000000,0.01432836,53.77743604,143.91136868,143.89925430,143.89592243,143.89995273,143.84699842,143.66516533,143.40537321,BUY
2025.06.03 21:49,5.00000000,143.92400000,143.91600000,143.90600000,143.89300000,105.00000000,0.01432836,53.77743604,143.91136868,143.89925430,143.89592243,143.89995273,143.84699842,143.66516533,143.40537321,BUY
2025.06.03 21:49,6.00000000,143.92400000,143.91600000,143.90600000,143.89300000,105.00000000,0.01432836,53.77743604,143.91136868,143.89925430,143.89592243,143.89995273,143.84699842,143.66516533,143.40537321,BUY
2025.06.03 21:49,5.00000000,143.92400000,143.91600000,143.90600000,143.89300000,105.00000000,0.01432836,53.77743604,143.91136868,143.89925430,143.89592243,143.89995273,143.84699842,143.66516533,143.40537321,BUY
2025.06.03 21:49,1.00000000,143.92400000,143.91600000,143.90600000,143.89300000,105.00000000,0.01432836,53.77743604,143.91136868,143.89925430,143.89592243,143.89995273,143.84699842,143.66516533,143.40537321,BUY
2025.06.03 21:49,3.00000000,143.92400000,143.91600000,143.90600000,143.89300000,105.00000000,0.01432836,53.77743604,143.91136868,143.89925430,143.89592243,143.89995273,143.84699842,143.66516533,143.40537321,BUY
2025.06.03 21:49,3.00000000,143.92400000,143.91600000,143.90600000,143.89300000,105.00000000,0.01432836,53.77743604,143.91136868,143.89925430,143.89592243,143.89995273,143.84699842,143.66516533,143.40537321,BUY
2025.06.03 21:49,6.00000000,143.92400000,143.91600000,143.90600000,143.89300000,105.00000000,0.01432836,53.77743604,143.91136868,143.89925430,143.89592243,143.89995273,143.84699842,143.66516533,143.40537321,BUY
2025.06.03 21:49,2.00000000,143.92400000,143.91600000,143.90600000,143.89300000,105.00000000,0.01432836,53.77743604,143.91136868,143.89925430,143.89592243,143.89995273,143.84699842,143.66516533,143.40537321,BUY
2025.06.03 21:49,3.00000000,143.92400000,143.91600000,143.90600000,143.89300000,105.00000000,0.01432836,53.77743604,143.91136868,143.89925430,143.89592243,143.89995273,143.84699842,143.66516533,143.40537321,BUY
2025.06.03 21:49,2.00000000,143.92400000,143.91600000,143.90600000,143.89300000,105.00000000,0.01432836,53.77743604,143.91136868,143.89925430,143.89592243,143.89995273,143.84699842,143.66516533,143.40537321,BUY
2025.06.03 21:49,5.00000000,143.92400000,143.91600000,143.90600000,143.89300000,105.00000000,0.01432836,53.77743604,143.91136868,143.89925430,143.89592243,143.89995273,143.84699842,143.66516533,143.40537321,BUY
2025.06.03 21:49,0.00000000,143.92400000,143.91600000,143.90600000,143.89300000,105.00000000,0.01432836,53.77743604,143.91136868,143.89925430,143.89592243,143.89995273,143.84699842,143.66516533,143.40537321,BUY
2025.06.03 21:49,3.00000000,143.92400000,143.91600000,143.90600000,143.89300000,105.00000000,0.01432836,53.77743604,143.91136868,143.89925430,143.89592243,143.89995273,143.84699842,143.66516533,143.40537321,BUY
2025.06.03 21:49,5.00000000,143.92400000,143.91600000,143.90600000,143.89300000,105.00000000,0.01432836,53.77743604,143.91136868,143.89925430,143.89592243,143.89995273,143.84699842,143.66516533,143.40537321,BUY
2025.06.03 21:50,3.00000000,143.90800000,143.90200000,143.90400000,143.89200000,50.00000000,0.01389053,51.93192897,143.90989494,143.89959328,143.89619168,143.90002019,143.84747344,143.66616047,143.40637047,BUY
2025.06.03 21:50,3.00000000,143.90800000,143.90200000,143.90400000,143.89200000,50.00000000,0.01389053,51.93192897,143.90989494,143.89959328,143.89619168,143.90002019,143.84747344,143.66616047,143.40637047,BUY
2025.06.03 21:50,3.00000000,143.90800000,143.90200000,143.90400000,143.89200000,50.00000000,0.01389053,51.93192897,143.90989494,143.89959328,143.89619168,143.90002019,143.84747344,143.66616047,143.40637047,BUY
2025.06.03 21:50,3.00000000,143.90800000,143.90200000,143.90400000,143.89200000,50.00000000,0.01389053,51.93192897,143.90989494,143.89959328,143.89619168,143.90002019,143.84747344,143.66616047,143.40637047,BUY
2025.06.03 21:50,1.00000000,143.90800000,143.90200000,143.90400000,143.89200000,50.00000000,0.01389053,51.93192897,143.90989494,143.89959328,143.89619168,143.90002019,143.84747344,143.66616047,143.40637047,BUY
2025.06.03 21:50,3.00000000,143.90800000,143.90200000,143.90400000,143.89200000,50.00000000,0.01389053,51.93192897,143.90989494,143.89959328,143.89619168,143.90002019,143.84747344,143.66616047,143.40637047,BUY
2025.06.03 21:50,3.00000000,143.90800000,143.90200000,143.90400000,143.89200000,50.00000000,0.01389053,51.93192897,143.90989494,143.89959328,143.89619168,143.90002019,143.84747344,143.66616047,143.40637047,BUY
2025.06.03 21:50,0.00000000,143.90800000,143.90200000,143.90400000,143.89200000,50.00000000,0.01389053,51.93192897,143.90989494,143.89959328,143.89619168,143.90002019,143.84747344,143.66616047,143.40637047,BUY
2025.06.03 21:50,2.00000000,143.90800000,143.90200000,143.90400000,143.89200000,50.00000000,0.01389053,51.93192897,143.90989494,143.89959328,143.89619168,143.90002019,143.84747344,143.66616047,143.40637047,BUY
2025.06.03 21:50,3.00000000,143.90800000,143.90200000,143.90400000,143.89200000,50.00000000,0.01389053,51.93192897,143.90989494,143.89959328,143.89619168,143.90002019,143.84747344,143.66616047,143.40637047,BUY
2025.06.03 21:50,5.00000000,143.90800000,143.90200000,143.90400000,143.89200000,50.00000000,0.01389053,51.93192897,143.90989494,143.89959328,143.89619168,143.90002019,143.84747344,143.66616047,143.40637047,BUY
2025.06.03 21:50,5.00000000,143.90800000,143.90200000,143.90400000,143.89200000,50.00000000,0.01389053,51.93192897,143.90989494,143.89959328,143.89619168,143.90002019,143.84747344,143.66616047,143.40637047,BUY
2025.06.03 21:50,5.00000000,143.90800000,143.90200000,143.90400000,143.89200000,50.00000000,0.01389053,51.93192897,143.90989494,143.89959328,143.89619168,143.90002019,143.84747344,143.66616047,143.40637047,BUY
2025.06.03 21:50,5.00000000,143.90800000,143.90200000,143.90400000,143.89200000,50.00000000,0.01389053,51.93192897,143.90989494,143.89959328,143.89619168,143.90002019,143.84747344,143.66616047,143.40637047,BUY
2025.06.03 21:50,5.00000000,143.90800000,143.90200000,143.90400000,143.89200000,50.00000000,0.01389053,51.93192897,143.90989494,143.89959328,143.89619168,143.90002019,143.84747344,143.66616047,143.40637047,BUY
2025.06.03 21:50,3.00000000,143.90800000,143.90200000,143.90400000,143.89200000,50.00000000,0.01389053,51.93192897,143.90989494,143.89959328,143.89619168,143.90002019,143.84747344,143.66616047,143.40637047,BUY
2025.06.03 21:50,5.00000000,143.90800000,143.90200000,143.90400000,143.89200000,50.00000000,0.01389053,51.93192897,143.90989494,143.89959328,143.89619168,143.90002019,143.84747344,143.66616047,143.40637047,BUY
2025.06.03 21:50,3.00000000,143.90800000,143.90200000,143.90400000,143.89200000,50.00000000,0.01389053,51.93192897,143.90989494,143.89959328,143.89619168,143.90002019,143.84747344,143.66616047,143.40637047,BUY
2025.06.03 21:50,3.00000000,143.90800000,143.90200000,143.90400000,143.89200000,50.00000000,0.01389053,51.93192897,143.90989494,143.89959328,143.89619168,143.90002019,143.84747344,143.66616047,143.40637047,BUY
2025.06.03 21:50,0.00000000,143.90800000,143.90200000,143.90400000,143.89200000,50.00000000,0.01389053,51.93192897,143.90989494,143.89959328,143.89619168,143.90002019,143.84747344,143.66616047,143.40637047,BUY
2025.06.03 21:50,3.00000000,143.90800000,143.90200000,143.90400000,143.89200000,50.00000000,0.01389053,51.93192897,143.90989494,143.89959328,143.89619168,143.90002019,143.84747344,143.66616047,143.40637047,BUY
2025.06.03 21:50,1.00000000,143.90800000,143.90200000,143.90400000,143.89200000,50.00000000,0.01389053,51.93192897,143.90989494,143.89959328,143.89619168,143.90002019,143.84747344,143.66616047,143.40637047,BUY
2025.06.03 21:50,5.00000000,143.90800000,143.90200000,143.90400000,143.89200000,50.00000000,0.01389053,51.93192897,143.90989494,143.89959328,143.89619168,143.90002019,143.84747344,143.66616047,143.40637047,BUY
2025.06.03 21:50,2.00000000,143.90800000,143.90200000,143.90400000,143.89200000,50.00000000,0.01389053,51.93192897,143.90989494,143.89959328,143.89619168,143.90002019,143.84747344,143.66616047,143.40637047,BUY
2025.06.03 21:50,2.00000000,143.90800000,143.90200000,143.90400000,143.89200000,50.00000000,0.01389053,51.93192897,143.90989494,143.89959328,143.89619168,143.90002019,143.84747344,143.66616047,143.40637047,BUY
2025.06.03 21:50,3.00000000,143.90800000,143.90200000,143.90400000,143.89200000,50.00000000,0.01389053,51.93192897,143.90989494,143.89959328,143.89619168,143.90002019,143.84747344,143.66616047,143.40637047,BUY
2025.06.03 21:50,0.00000000,143.90800000,143.90200000,143.90400000,143.89200000,50.00000000,0.01389053,51.93192897,143.90989494,143.89959328,143.89619168,143.90002019,143.84747344,143.66616047,143.40637047,BUY
2025.06.03 21:50,1.00000000,143.90800000,143.90200000,143.90400000,143.89200000,50.00000000,0.01389053,51.93192897,143.90989494,143.89959328,143.89619168,143.90002019,143.84747344,143.66616047,143.40637047,BUY
2025.06.03 21:50,0.00000000,143.90800000,143.90200000,143.90400000,143.89200000,50.00000000,0.01389053,51.93192897,143.90989494,143.89959328,143.89619168,143.90002019,143.84747344,143.66616047,143.40637047,BUY
2025.06.03 21:50,5.00000000,143.90800000,143.90200000,143.90400000,143.89200000,50.00000000,0.01389053,51.93192897,143.90989494,143.89959328,143.89619168,143.90002019,143.84747344,143.66616047,143.40637047,BUY
2025.06.03 21:50,0.00000000,143.90800000,143.90200000,143.90400000,143.89200000,50.00000000,0.01389053,51.93192897,143.90989494,143.89959328,143.89619168,143.90002019,143.84747344,143.66616047,143.40637047,BUY
2025.06.03 21:50,5.00000000,143.90800000,143.90200000,143.90400000,143.89200000,50.00000000,0.01389053,51.93192897,143.90989494,143.89959328,143.89619168,143.90002019,143.84747344,143.66616047,143.40637047,BUY
2025.06.03 21:50,0.00000000,143.90800000,143.90200000,143.90400000,143.89200000,50.00000000,0.01389053,51.93192897,143.90989494,143.89959328,143.89619168,143.90002019,143.84747344,143.66616047,143.40637047,BUY
2025.06.03 21:50,5.00000000,143.90800000,143.90200000,143.90400000,143.89200000,50.00000000,0.01389053,51.93192897,143.90989494,143.89959328,143.89619168,143.90002019,143.84747344,143.66616047,143.40637047,BUY
2025.06.03 21:50,0.00000000,143.90800000,143.90200000,143.90400000,143.89200000,50.00000000,0.01389053,51.93192897,143.90989494,143.89959328,143.89619168,143.90002019,143.84747344,143.66616047,143.40637047,BUY
2025.06.03 21:50,1.00000000,143.90800000,143.90200000,143.90400000,143.89200000,50.00000000,0.01389053,51.93192897,143.90989494,143.89959328,143.89619168,143.90002019,143.84747344,143.66616047,143.40637047,BUY
2025.06.03 21:50,5.00000000,143.90800000,143.90200000,143.90400000,143.89200000,50.00000000,0.01389053,51.93192897,143.90989494,143.89959328,143.89619168,143.90002019,143.84747344,143.66616047,143.40637047,BUY
2025.06.03 21:50,0.00000000,143.90800000,143.90200000,143.90400000,143.89200000,50.00000000,0.01389053,51.93192897,143.90989494,143.89959328,143.89619168,143.90002019,143.84747344,143.66616047,143.40637047,BUY
2025.06.03 21:50,5.00000000,143.90800000,143.90200000,143.90400000,143.89200000,50.00000000,0.01389053,51.93192897,143.90989494,143.89959328,143.89619168,143.90002019,143.84747344,143.66616047,143.40637047,BUY
2025.06.03 21:50,2.00000000,143.90800000,143.90200000,143.90400000,143.89200000,50.00000000,0.01389053,51.93192897,143.90989494,143.89959328,143.89619168,143.90002019,143.84747344,143.66616047,143.40637047,BUY
2025.06.03 21:50,5.00000000,143.90800000,143.90200000,143.90400000,143.89200000,50.00000000,0.01389053,51.93192897,143.90989494,143.89959328,143.89619168,143.90002019,143.84747344,143.66616047,143.40637047,BUY
2025.06.03 21:50,5.00000000,143.90800000,143.90200000,143.90400000,143.89200000,50.00000000,0.01389053,51.93192897,143.90989494,143.89959328,143.89619168,143.90002019,143.84747344,143.66616047,143.40637047,BUY
2025.06.03 21:50,2.00000000,143.90800000,143.90200000,143.90400000,143.89200000,50.00000000,0.01389053,51.93192897,143.90989494,143.89959328,143.89619168,143.90002019,143.84747344,143.66616047,143.40637047,BUY
2025.06.03 21:50,5.00000000,143.90800000,143.90200000,143.90400000,143.89200000,50.00000000,0.01389053,51.93192897,143.90989494,143.89959328,143.89619168,143.90002019,143.84747344,143.66616047,143.40637047,BUY
2025.06.03 21:50,3.00000000,143.90800000,143.90200000,143.90400000,143.89200000,50.00000000,0.01389053,51.93192897,143.90989494,143.89959328,143.89619168,143.90002019,143.84747344,143.66616047,143.40637047,BUY
2025.06.03 21:50,5.00000000,143.90800000,143.90200000,143.90400000,143.89200000,50.00000000,0.01389053,51.93192897,143.90989494,143.89959328,143.89619168,143.90002019,143.84747344,143.66616047,143.40637047,BUY
2025.06.03 21:50,1.00000000,143.90800000,143.90200000,143.90400000,143.89200000,50.00000000,0.01389053,51.93192897,143.90989494,143.89959328,143.89619168,143.90002019,143.84747344,143.66616047,143.40637047,BUY
2025.06.03 21:50,1.00000000,143.90800000,143.90200000,143.90400000,143.89200000,50.00000000,0.01389053,51.93192897,143.90989494,143.89959328,143.89619168,143.90002019,143.84747344,143.66616047,143.40637047,BUY
2025.06.03 21:50,0.00000000,143.90800000,143.90200000,143.90400000,143.89200000,50.00000000,0.01389053,51.93192897,143.90989494,143.89959328,143.89619168,143.90002019,143.84747344,143.66616047,143.40637047,BUY
2025.06.03 21:50,1.00000000,143.90800000,143.90200000,143.90400000,143.89200000,50.00000000,0.01389053,51.93192897,143.90989494,143.89959328,143.89619168,143.90002019,143.84747344,143.66616047,143.40637047,BUY
2025.06.03 21:50,1.00000000,143.90800000,143.90200000,143.90400000,143.89200000,50.00000000,0.01389053,51.93192897,143.90989494,143.89959328,143.89619168,143.90002019,143.84747344,143.66616047,143.40637047,BUY
2025.06.03 21:50,0.00000000,143.90800000,143.90200000,143.90400000,143.89200000,50.00000000,0.01389053,51.93192897,143.90989494,143.89959328,143.89619168,143.90002019,143.84747344,143.66616047,143.40637047,BUY
2025.06.03 21:50,1.00000000,143.90800000,143.90200000,143.90400000,143.89200000,50.00000000,0.01389053,51.93192897,143.90989494,143.89959328,143.89619168,143.90002019,143.84747344,143.66616047,143.40637047,BUY
2025.06.03 21:50,0.00000000,143.90800000,143.90200000,143.90400000,143.89200000,50.00000000,0.01389053,51.93192897,143.90989494,143.89959328,143.89619168,143.90002019,143.84747344,143.66616047,143.40637047,BUY
2025.06.03 21:50,3.00000000,143.90800000,143.90200000,143.90400000,143.89200000,50.00000000,0.01389053,51.93192897,143.90989494,143.89959328,143.89619168,143.90002019,143.84747344,143.66616047,143.40637047,BUY
2025.06.03 21:51,2.00000000,143.91800000,143.90600000,143.91100000,143.90400000,91.00000000,0.01391968,54.72842211,143.91011595,143.90040805,143.89668529,143.90020318,143.84800283,143.66718064,143.40737972,BUY
2025.06.03 21:51,1.00000000,143.91800000,143.90600000,143.91100000,143.90400000,91.00000000,0.01391968,54.72842211,143.91011595,143.90040805,143.89668529,143.90020318,143.84800283,143.66718064,143.40737972,BUY
2025.06.03 21:51,6.00000000,143.91800000,143.90600000,143.91100000,143.90400000,91.00000000,0.01391968,54.72842211,143.91011595,143.90040805,143.89668529,143.90020318,143.84800283,143.66718064,143.40737972,BUY
2025.06.03 21:51,3.00000000,143.91800000,143.90600000,143.91100000,143.90400000,91.00000000,0.01391968,54.72842211,143.91011595,143.90040805,143.89668529,143.90020318,143.84800283,143.66718064,143.40737972,BUY
2025.06.03 21:51,1.00000000,143.91800000,143.90600000,143.91100000,143.90400000,91.00000000,0.01391968,54.72842211,143.91011595,143.90040805,143.89668529,143.90020318,143.84800283,143.66718064,143.40737972,BUY
2025.06.03 21:51,0.00000000,143.91800000,143.90600000,143.91100000,143.90400000,91.00000000,0.01391968,54.72842211,143.91011595,143.90040805,143.89668529,143.90020318,143.84800283,143.66718064,143.40737972,BUY
2025.06.03 21:51,2.00000000,143.91800000,143.90600000,143.91100000,143.90400000,91.00000000,0.01391968,54.72842211,143.91011595,143.90040805,143.89668529,143.90020318,143.84800283,143.66718064,143.40737972,BUY
2025.06.03 21:51,3.00000000,143.91800000,143.90600000,143.91100000,143.90400000,91.00000000,0.01391968,54.72842211,143.91011595,143.90040805,143.89668529,143.90020318,143.84800283,143.66718064,143.40737972,BUY
2025.06.03 21:51,3.00000000,143.91800000,143.90600000,143.91100000,143.90400000,91.00000000,0.01391968,54.72842211,143.91011595,143.90040805,143.89668529,143.90020318,143.84800283,143.66718064,143.40737972,BUY
2025.06.03 21:51,3.00000000,143.91800000,143.90600000,143.91100000,143.90400000,91.00000000,0.01391968,54.72842211,143.91011595,143.90040805,143.89668529,143.90020318,143.84800283,143.66718064,143.40737972,BUY
2025.06.03 21:51,3.00000000,143.91800000,143.90600000,143.91100000,143.90400000,91.00000000,0.01391968,54.72842211,143.91011595,143.90040805,143.89668529,143.90020318,143.84800283,143.66718064,143.40737972,BUY
2025.06.03 21:51,3.00000000,143.91800000,143.90600000,143.91100000,143.90400000,91.00000000,0.01391968,54.72842211,143.91011595,143.90040805,143.89668529,143.90020318,143.84800283,143.66718064,143.40737972,BUY
2025.06.03 21:51,3.00000000,143.91800000,143.90600000,143.91100000,143.90400000,91.00000000,0.01391968,54.72842211,143.91011595,143.90040805,143.89668529,143.90020318,143.84800283,143.66718064,143.40737972,BUY
2025.06.03 21:51,0.00000000,143.91800000,143.90600000,143.91100000,143.90400000,91.00000000,0.01391968,54.72842211,143.91011595,143.90040805,143.89668529,143.90020318,143.84800283,143.66718064,143.40737972,BUY
2025.06.03 21:51,2.00000000,143.91800000,143.90600000,143.91100000,143.90400000,91.00000000,0.01391968,54.72842211,143.91011595,143.90040805,143.89668529,143.90020318,143.84800283,143.66718064,143.40737972,BUY
2025.06.03 21:51,0.00000000,143.91800000,143.90600000,143.91100000,143.90400000,91.00000000,0.01391968,54.72842211,143.91011595,143.90040805,143.89668529,143.90020318,143.84800283,143.66718064,143.40737972,BUY
2025.06.03 21:51,3.00000000,143.91800000,143.90600000,143.91100000,143.90400000,91.00000000,0.01391968,54.72842211,143.91011595,143.90040805,143.89668529,143.90020318,143.84800283,143.66718064,143.40737972,BUY
2025.06.03 21:51,2.00000000,143.91800000,143.90600000,143.91100000,143.90400000,91.00000000,0.01391968,54.72842211,143.91011595,143.90040805,143.89668529,143.90020318,143.84800283,143.66718064,143.40737972,BUY
2025.06.03 21:51,5.00000000,143.91800000,143.90600000,143.91100000,143.90400000,91.00000000,0.01391968,54.72842211,143.91011595,143.90040805,143.89668529,143.90020318,143.84800283,143.66718064,143.40737972,BUY
2025.06.03 21:51,0.00000000,143.91800000,143.90600000,143.91100000,143.90400000,91.00000000,0.01391968,54.72842211,143.91011595,143.90040805,143.89668529,143.90020318,143.84800283,143.66718064,143.40737972,BUY
2025.06.03 21:51,1.00000000,143.91800000,143.90600000,143.91100000,143.90400000,91.00000000,0.01391968,54.72842211,143.91011595,143.90040805,143.89668529,143.90020318,143.84800283,143.66718064,143.40737972,BUY
2025.06.03 21:51,6.00000000,143.91800000,143.90600000,143.91100000,143.90400000,91.00000000,0.01391968,54.72842211,143.91011595,143.90040805,143.89668529,143.90020318,143.84800283,143.66718064,143.40737972,BUY
2025.06.03 21:51,2.00000000,143.91800000,143.90600000,143.91100000,143.90400000,91.00000000,0.01391968,54.72842211,143.91011595,143.90040805,143.89668529,143.90020318,143.84800283,143.66718064,143.40737972,BUY
2025.06.03 21:51,3.00000000,143.91800000,143.90600000,143.91100000,143.90400000,91.00000000,0.01391968,54.72842211,143.91011595,143.90040805,143.89668529,143.90020318,143.84800283,143.66718064,143.40737972,BUY
2025.06.03 21:51,0.00000000,143.91800000,143.90600000,143.91100000,143.90400000,91.00000000,0.01391968,54.72842211,143.91011595,143.90040805,143.89668529,143.90020318,143.84800283,143.66718064,143.40737972,BUY
2025.06.03 21:51,6.00000000,143.91800000,143.90600000,143.91100000,143.90400000,91.00000000,0.01391968,54.72842211,143.91011595,143.90040805,143.89668529,143.90020318,143.84800283,143.66718064,143.40737972,BUY
2025.06.03 21:51,5.00000000,143.91800000,143.90600000,143.91100000,143.90400000,91.00000000,0.01391968,54.72842211,143.91011595,143.90040805,143.89668529,143.90020318,143.84800283,143.66718064,143.40737972,BUY
2025.06.03 21:51,0.00000000,143.91800000,143.90600000,143.91100000,143.90400000,91.00000000,0.01391968,54.72842211,143.91011595,143.90040805,143.89668529,143.90020318,143.84800283,143.66718064,143.40737972,BUY
2025.06.03 21:51,5.00000000,143.91800000,143.90600000,143.91100000,143.90400000,91.00000000,0.01391968,54.72842211,143.91011595,143.90040805,143.89668529,143.90020318,143.84800283,143.66718064,143.40737972,BUY
2025.06.03 21:51,0.00000000,143.91800000,143.90600000,143.91100000,143.90400000,91.00000000,0.01391968,54.72842211,143.91011595,143.90040805,143.89668529,143.90020318,143.84800283,143.66718064,143.40737972,BUY
2025.06.03 21:51,0.00000000,143.91800000,143.90600000,143.91100000,143.90400000,91.00000000,0.01391968,54.72842211,143.91011595,143.90040805,143.89668529,143.90020318,143.84800283,143.66718064,143.40737972,BUY
2025.06.03 21:51,0.00000000,143.91800000,143.90600000,143.91100000,143.90400000,91.00000000,0.01391968,54.72842211,143.91011595,143.90040805,143.89668529,143.90020318,143.84800283,143.66718064,143.40737972,BUY
2025.06.03 21:51,5.00000000,143.91800000,143.90600000,143.91100000,143.90400000,91.00000000,0.01391968,54.72842211,143.91011595,143.90040805,143.89668529,143.90020318,143.84800283,143.66718064,143.40737972,BUY
2025.06.03 21:51,2.00000000,143.91800000,143.90600000,143.91100000,143.90400000,91.00000000,0.01391968,54.72842211,143.91011595,143.90040805,143.89668529,143.90020318,143.84800283,143.66718064,143.40737972,BUY
2025.06.03 21:51,0.00000000,143.91800000,143.90600000,143.91100000,143.90400000,91.00000000,0.01391968,54.72842211,143.91011595,143.90040805,143.89668529,143.90020318,143.84800283,143.66718064,143.40737972,BUY
2025.06.03 21:51,0.00000000,143.91800000,143.90600000,143.91100000,143.90400000,91.00000000,0.01391968,54.72842211,143.91011595,143.90040805,143.89668529,143.90020318,143.84800283,143.66718064,143.40737972,BUY
2025.06.03 21:51,5.00000000,143.91800000,143.90600000,143.91100000,143.90400000,91.00000000,0.01391968,54.72842211,143.91011595,143.90040805,143.89668529,143.90020318,143.84800283,143.66718064,143.40737972,BUY
2025.06.03 21:51,0.00000000,143.91800000,143.90600000,143.91100000,143.90400000,91.00000000,0.01391968,54.72842211,143.91011595,143.90040805,143.89668529,143.90020318,143.84800283,143.66718064,143.40737972,BUY
2025.06.03 21:51,5.00000000,143.91800000,143.90600000,143.91100000,143.90400000,91.00000000,0.01391968,54.72842211,143.91011595,143.90040805,143.89668529,143.90020318,143.84800283,143.66718064,143.40737972,BUY
2025.06.03 21:51,0.00000000,143.91800000,143.90600000,143.91100000,143.90400000,91.00000000,0.01391968,54.72842211,143.91011595,143.90040805,143.89668529,143.90020318,143.84800283,143.66718064,143.40737972,BUY
2025.06.03 21:51,6.00000000,143.91800000,143.90600000,143.91100000,143.90400000,91.00000000,0.01391968,54.72842211,143.91011595,143.90040805,143.89668529,143.90020318,143.84800283,143.66718064,143.40737972,BUY
2025.06.03 21:52,2.00000000,143.91900000,143.91000000,143.90800000,143.90800000,65.00000000,0.01396511,54.63571341,143.90969276,143.90095033,143.89706245,143.90033313,143.84850280,143.66818405,143.40838097,BUY
2025.06.03 21:52,5.00000000,143.91900000,143.91000000,143.90800000,143.90800000,65.00000000,0.01396511,54.63571341,143.90969276,143.90095033,143.89706245,143.90033313,143.84850280,143.66818405,143.40838097,BUY
2025.06.03 21:52,2.00000000,143.91900000,143.91000000,143.90800000,143.90800000,65.00000000,0.01396511,54.63571341,143.90969276,143.90095033,143.89706245,143.90033313,143.84850280,143.66818405,143.40838097,BUY
2025.06.03 21:52,5.00000000,143.91900000,143.91000000,143.90800000,143.90800000,65.00000000,0.01396511,54.63571341,143.90969276,143.90095033,143.89706245,143.90033313,143.84850280,143.66818405,143.40838097,BUY
2025.06.03 21:52,6.00000000,143.91900000,143.91000000,143.90800000,143.90800000,65.00000000,0.01396511,54.63571341,143.90969276,143.90095033,143.89706245,143.90033313,143.84850280,143.66818405,143.40838097,BUY
2025.06.03 21:52,3.00000000,143.91900000,143.91000000,143.90800000,143.90800000,65.00000000,0.01396511,54.63571341,143.90969276,143.90095033,143.89706245,143.90033313,143.84850280,143.66818405,143.40838097,BUY
2025.06.03 21:52,5.00000000,143.91900000,143.91000000,143.90800000,143.90800000,65.00000000,0.01396511,54.63571341,143.90969276,143.90095033,143.89706245,143.90033313,143.84850280,143.66818405,143.40838097,BUY
2025.06.03 21:52,5.00000000,143.91900000,143.91000000,143.90800000,143.90800000,65.00000000,0.01396511,54.63571341,143.90969276,143.90095033,143.89706245,143.90033313,143.84850280,143.66818405,143.40838097,BUY
2025.06.03 21:52,3.00000000,143.91900000,143.91000000,143.90800000,143.90800000,65.00000000,0.01396511,54.63571341,143.90969276,143.90095033,143.89706245,143.90033313,143.84850280,143.66818405,143.40838097,BUY
2025.06.03 21:52,5.00000000,143.91900000,143.91000000,143.90800000,143.90800000,65.00000000,0.01396511,54.63571341,143.90969276,143.90095033,143.89706245,143.90033313,143.84850280,143.66818405,143.40838097,BUY
2025.06.03 21:52,3.00000000,143.91900000,143.91000000,143.90800000,143.90800000,65.00000000,0.01396511,54.63571341,143.90969276,143.90095033,143.89706245,143.90033313,143.84850280,143.66818405,143.40838097,BUY
